Well Position P7,Index Name P7,i7 Index Sequence,Well Position P5,Index Name P5,i5 index (Forward),,
A1,p7_RUO_A1,GTCCTACT,A1,p5_RUO_A1,TTGTCAGCTG,,
B1,p7_RUO_A2,AGTGACCT,B1,p5_RUO_A2,ACAGGCTTAA,,
C1,p7_RUO_A3,ATCATTGT,C1,p5_RUO_A3,GGTATGCAAT,,
D1,p7_RUO_A4,GTGATTAC,D1,p5_RUO_A4,TTGGAGCGGA,,
E1,p7_RUO_A5,ATTCTGAA,E1,p5_RUO_A5,GGATAGGAAG,,
F1,p7_RUO_A6,GCTATACC,F1,p5_RUO_A6,TCGACATATG,,
G1,p7_RUO_A7,AGACTGGT,G1,p5_RUO_A7,CTGATCAGTA,,
H1,p7_RUO_A8,ACAACCGG,H1,p5_RUO_A8,ATAGGCTACG,,
A2,p7_RUO_A9,GACAATAG,A2,p5_RUO_A9,AGTACGACTT,,
B2,p7_RUO_A10,TATGCACC,B2,p5_RUO_A10,GAGGTCGATA,,
C2,p7_RUO_A11,AAGATGAC,C2,p5_RUO_A11,CACGCTTGCT,,
D2,p7_RUO_A12,CACGATTA,D2,p5_RUO_A12,TTGTGATAGG,,
E2,p7_RUO_A13,GCTGCACA,E2,p5_RUO_A13,CAATACAAGG,,
F2,p7_RUO_A14,CAACTAGT,F2,p5_RUO_A14,GAGTAACACA,,
G2,p7_RUO_A15,CTTATATA,G2,p5_RUO_A15,TTGCGTTGTT,,
H2,p7_RUO_A16,AGGCAAGG,H2,p5_RUO_A16,GGAGCATAAT,,
A3,p7_RUO_A17,CCATACGC,A3,p5_RUO_A17,TTCGAAGGTG,,
B3,p7_RUO_A18,AATCTATC,B3,p5_RUO_A18,CTCGGACAAT,,
C3,p7_RUO_A19,GCAGTGCC,C3,p5_RUO_A19,ACTATGAGCA,,
D3,p7_RUO_A20,TAGCGGCA,D3,p5_RUO_A20,TAGTTGAGTG,,
E3,p7_RUO_A21,TTGTATAT,E3,p5_RUO_A21,GGATCAATAG,,
F3,p7_RUO_A22,GTTAGTTA,F3,p5_RUO_A22,TGCATGAACG,,
G3,p7_RUO_A23,GAAGAACC,G3,p5_RUO_A23,AAGGCGTCGA,,
H3,p7_RUO_A24,ATATTAGC,H3,p5_RUO_A24,CTTGCGTTCG,,
A4,p7_RUO_A25,ATGTTGGT,A4,p5_RUO_A25,TCGGAATCAA,,
B4,p7_RUO_A26,AACATTCC,B4,p5_RUO_A26,CTTGGCGTAT,,
C4,p7_RUO_A27,GACAGATC,C4,p5_RUO_A27,GTAACGATGT,,
D4,p7_RUO_A28,TATCGTCC,D4,p5_RUO_A28,CGTAACTTCA,,
E4,p7_RUO_A29,CTGTAGTG,E4,p5_RUO_A29,AGGACACAAG,,
F4,p7_RUO_A30,CACAATGC,F4,p5_RUO_A30,GCAATTGGTA,,
G4,p7_RUO_A31,GCGTCGAT,G4,p5_RUO_A31,TATTCGAGCA,,
H4,p7_RUO_A32,CCAGTACG,H4,p5_RUO_A32,CGAAGGCGTA,,
A5,p7_RUO_A33,TAGAACGC,A5,p5_RUO_A33,AGGACTAACT,,
B5,p7_RUO_A34,AACAAGAA,B5,p5_RUO_A34,TGAGTCATGA,,
C5,p7_RUO_A35,CTCTCCAG,C5,p5_RUO_A35,CAGTCGGCAA,,
D5,p7_RUO_A36,TATCCATA,D5,p5_RUO_A36,CTCAGCGCTA,,
E5,p7_RUO_A37,CAAGAATG,E5,p5_RUO_A37,TGGTCGACAG,,
F5,p7_RUO_A38,GCACTATA,F5,p5_RUO_A38,CAGCGAATTA,,
G5,p7_RUO_A39,TCTATAAG,G5,p5_RUO_A39,GAATATTCGG,,
H5,p7_RUO_A40,CTTAGCCA,H5,p5_RUO_A40,ATTGCTGTGG,,
A6,p7_RUO_A41,ATAATACT,A6,p5_RUO_A41,CGCTGGTTAG,,
B6,p7_RUO_A42,TGTACGTG,B6,p5_RUO_A42,CTTCGAACGA,,
C6,p7_RUO_A43,CCTAGTCG,C6,p5_RUO_A43,TCATAGTCGA,,
D6,p7_RUO_A44,GCCAATCA,D6,p5_RUO_A44,ATAACAGGCA,,
E6,p7_RUO_A45,GTTCTTAG,E6,p5_RUO_A45,CAAGCACGCA,,
F6,p7_RUO_A46,TCGCACTG,F6,p5_RUO_A46,TTACTCGGAG,,
G6,p7_RUO_A47,CAAGGCTC,G6,p5_RUO_A47,CGGAGTTAGG,,
H6,p7_RUO_A48,ATGTCAAC,H6,p5_RUO_A48,TGACAGCAGT,,
A7,p7_RUO_A49,CCTATTAA,A7,p5_RUO_A49,TGTCGCTAAT,,
B7,p7_RUO_A50,CGCGAACT,B7,p5_RUO_A50,CAGTTACGGA,,
C7,p7_RUO_A51,GGCCAATC,C7,p5_RUO_A51,GAATCGCGGA,,
D7,p7_RUO_A52,GATACCTG,D7,p5_RUO_A52,GTACATTGTG,,
E7,p7_RUO_A53,TGTCAACG,E7,p5_RUO_A53,CACTCAAGTA,,
F7,p7_RUO_A54,TTGGTCCG,F7,p5_RUO_A54,TTACGTACAG,,
G7,p7_RUO_A55,TGAAGACA,G7,p5_RUO_A55,ATTCAGGTAG,,
H7,p7_RUO_A56,GAATGACA,H7,p5_RUO_A56,TAGGAGTATG,,
A8,p7_RUO_A57,AACCTACA,A8,p5_RUO_A57,GAGCACTGTA,,
B8,p7_RUO_A58,TCTAGGCA,B8,p5_RUO_A58,CAAGGTCACT,,
C8,p7_RUO_A59,AAGTGTCC,C8,p5_RUO_A59,TGGTAAGGAA,,
D8,p7_RUO_A60,ACGGACAC,D8,p5_RUO_A60,TGTGGTGGTG,,
E8,p7_RUO_A61,CTACTGTT,E8,p5_RUO_A61,AACAGCGTGG,,
F8,p7_RUO_A62,CTACATTC,F8,p5_RUO_A62,GCAGGTACTA,,
G8,p7_RUO_A63,GCCTAGTC,G8,p5_RUO_A63,GTTAAGTGAG,,
H8,p7_RUO_A64,CAAGTTCC,H8,p5_RUO_A64,CTACAAGCAT,,
A9,p7_RUO_A65,GGTTAACT,A9,p5_RUO_A65,ACGAACGTAG,,
B9,p7_RUO_A66,ACTAAGAG,B9,p5_RUO_A66,TTAGGTGGCA,,
C9,p7_RUO_A67,AGGCCACA,C9,p5_RUO_A67,ATGCTGAAGT,,
D9,p7_RUO_A68,CAACCTAA,D9,p5_RUO_A68,GTGTTGCGAA,,
E9,p7_RUO_A69,ATATAGCC,E9,p5_RUO_A69,CATAGGTGTT,,
F9,p7_RUO_A70,ACTACAGT,F9,p5_RUO_A70,ACGGACTGCA,,
G9,p7_RUO_A71,CACTTCAT,G9,p5_RUO_A71,GTCATTCAAG,,
H9,p7_RUO_A72,TTCCACTT,H9,p5_RUO_A72,CTCGCTCATG,,
A10,p7_RUO_A73,TCCTGAAC,A10,p5_RUO_A73,TCGAACACGA,,
B10,p7_RUO_A74,GAAGGTAA,B10,p5_RUO_A74,CAGTACTTAG,,
C10,p7_RUO_A75,CGATGGAA,C10,p5_RUO_A75,CTATGTTCGA,,
D10,p7_RUO_A76,CAGAGTCA,D10,p5_RUO_A76,GCGAGCTCAA,,
E10,p7_RUO_A77,ATCGATCT,E10,p5_RUO_A77,GACAATAAGG,,
F10,p7_RUO_A78,ATCTAATG,F10,p5_RUO_A78,TGTTGTGTCA,,
G10,p7_RUO_A79,CACGTATC,G10,p5_RUO_A79,AACTGCTGAA,,
H10,p7_RUO_A80,CATTATCG,H10,p5_RUO_A80,ACTAACTGGT,,
A11,p7_RUO_A81,TATATCCA,A11,p5_RUO_A81,GCGGAACTGT,,
B11,p7_RUO_A82,ACGTTAAT,B11,p5_RUO_A82,AGCTCAACAA,,
C11,p7_RUO_A83,ACTCATTA,C11,p5_RUO_A83,TATCGGTGCG,,
D11,p7_RUO_A84,GTCCGGTA,D11,p5_RUO_A84,AAGTCAGGTT,,
E11,p7_RUO_A85,CGAACTCC,E11,p5_RUO_A85,TGGCTATTGA,,
F11,p7_RUO_A86,AACACTTG,F11,p5_RUO_A86,GGCACGTATG,,
G11,p7_RUO_A87,ACTTCATA,G11,p5_RUO_A87,CAATAGCTCA,,
H11,p7_RUO_A88,ATCGCACG,H11,p5_RUO_A88,CGTGCTTATA,,
A12,p7_RUO_A89,CTGCTTAA,A12,p5_RUO_A89,GTGACTTCGG,,
B12,p7_RUO_A90,CTCTTACG,B12,p5_RUO_A90,GGACGACGAA,,
C12,p7_RUO_A91,GTACAGCT,C12,p5_RUO_A91,ACGTTATTGG,,
D12,p7_RUO_A92,CAACTGAC,D12,p5_RUO_A92,AGGTGGCGTT,,
E12,p7_RUO_A93,CGAAGTTA,E12,p5_RUO_A93,AACATTGCGA,,
F12,p7_RUO_A94,GAACGTCG,F12,p5_RUO_A94,AGTGACAGCG,,
G12,p7_RUO_A95,CATTCACA,G12,p5_RUO_A95,GGTCAGTTAT,,
H12,p7_RUO_A96,AACCGCGT,H12,p5_RUO_A96,GAGCTGGTGT,,
